dtstart,dtend,dtstamp,organizer,uid,attendee,created,description,last-modified,location,sequence,status,summary,transp
"2020-07-13T08:30:00","2020-07-13T17:30:00","2024-03-25T08:46:59Z","","7dtb5lfh3fb955vj4nrf4glvg5@google.com","","2020-07-11T12:04:06Z","Werken bij MedWeb","2020-07-20T20:47:46Z","Melkpad 37, 1217 KB Hilversum, Netherlands","0","CONFIRMED","Werken (MedWeb)","OPAQUE"
"2020-07-14T17:30:00","2020-07-14T19:00:00","2024-03-25T08:46:59Z","","15tv4nl8o282ogqn9ad8q6n6nc@google.com","","2020-07-11T12:05:14Z","Een uurtje sporten, voor de spiertjes","2020-07-20T20:47:55Z","Basic-Fit Fitness Hilversum Kerkstraat, Herenstraat 36, 1211 CC Hilversum, Netherlands","0","CONFIRMED","Sportschool","OPAQUE"
"2020-07-13T21:00:00","2020-07-13T22:00:00","2024-03-25T08:46:59Z","","4ch0pbik56o453qbp24b7m0f5q@google.com","","2020-07-11T12:06:40Z","","2020-07-20T20:48:37Z","","0","CONFIRMED","Hardlopen","OPAQUE"
"2020-07-13T22:00:00","2020-07-13T23:00:00","2024-03-25T08:46:59Z","","1db573h7fkokmef90d7ch7h3r5@google.com","","2020-07-11T12:08:12Z","","2020-07-20T20:48:48Z","Leeuweriklaan 41, 1403 CL Bussum, Netherlands","0","CONFIRMED","Cursus volgen","OPAQUE"
"2020-07-20T08:00:00","2020-07-20T16:30:00","2024-03-25T08:46:59Z","","n849fc0q8hjq5nkuoicje8o47l@google.com","","2020-07-11T12:04:06Z","Werken bij MedWeb","2020-09-04T08:22:35Z","Melkpad 37, 1217 KB Hilversum, Netherlands","1","CONFIRMED","Werken (MedWeb)","OPAQUE"
"2020-07-21T16:30:00","2020-07-21T18:00:00","2024-03-25T08:46:59Z","","u2vcmbcpinmc2d91mipuvehu8v@google.com","","2020-07-11T12:05:14Z","Een uurtje sporten, voor de spiertjes","2020-10-11T11:31:04Z","Basic-Fit Fitness Hilversum Kerkstraat, Herenstraat 36, 1211 CC Hilversum, Netherlands","1","CONFIRMED","Sportschool","OPAQUE"
"2020-10-10T16:00:00","2020-10-10T17:30:00","2024-03-25T08:46:59Z","","u2vcmbcpinmc2d91mipuvehu8v@google.com","","2020-07-11T12:05:14Z","Een uurtje sporten, voor de spiertjes","2020-10-11T11:31:04Z","Basic-Fit Fitness Hilversum Kerkstraat, Herenstraat 36, 1211 CC Hilversum, Netherlands","2","CONFIRMED","Sportschool","OPAQUE"
"2020-10-18T09:00:00Z","2020-10-18T10:00:00Z","2024-03-25T08:46:59Z","","64o64oj5c4o3ibb3c8r32b9k6pim6bb1c8pj8b9j60o68cpj6di3gchp6c@google.com","","2020-10-11T11:34:49Z","","2020-10-11T11:34:49Z","","0","CONFIRMED","Hardlopen","OPAQUE"
"2020-10-15T16:00:00Z","2020-10-15T17:00:00Z","2024-03-25T08:46:59Z","","74rjgdpoccsjcb9g6hj62b9kclj3cb9o6li66bb36gpm8cpn6kqj8o9kcg@google.com","","2020-10-11T11:35:02Z","","2020-10-11T11:35:02Z","","0","CONFIRMED","Hardlopen","OPAQUE"
"2020-07-21T21:00:00","2020-07-21T22:00:00","2024-03-25T08:46:59Z","","b5uru7scb49cj369is49qou9bt@google.com","","2020-07-11T12:06:40Z","","2020-10-11T11:35:19Z","","1","CONFIRMED","Hardlopen","OPAQUE"
"2020-07-13T23:00:00","2020-07-14T00:00:00","2024-03-25T08:46:59Z","","0jea6hitcodol5qak4umf5mb6o@google.com","","2020-07-11T12:08:29Z","","2020-10-11T11:35:25Z","Leeuweriklaan 41, 1403 CL Bussum, Netherlands","0","CONFIRMED","Lezen","OPAQUE"
"2020-07-21T22:00:00","2020-07-21T23:00:00","2024-03-25T08:46:59Z","","6ar1fvofh342s9h7k8ih40qe4t@google.com","","2020-07-11T12:08:12Z","","2020-10-11T11:35:44Z","Leeuweriklaan 41, 1403 CL Bussum, Netherlands","1","CONFIRMED","Cursus volgen","OPAQUE"
"2020-10-15T18:00:00Z","2020-10-15T20:00:00Z","2024-03-25T08:46:59Z","","64p66opic4r36b9jclj3ib9kcpj34b9ocksm6bb6cor66oj270pjcopo6k@google.com","","2020-10-11T11:37:48Z","","2020-10-11T11:37:55Z","","0","CONFIRMED","Cursus","OPAQUE"
"2020-11-23","2021-02-01","2024-03-25T08:46:59Z","","5e3nurq7lf12q4d5ngcq7m1e6b@google.com","","2020-11-23T16:12:26Z","","2020-11-23T16:12:36Z","","0","CONFIRMED","Calorieën bijhouden","TRANSPARENT"
"2020-10-22T11:00:00","2020-10-22T12:00:00","2024-03-25T08:46:59Z","","6776nj2r49obks3svrfvhmj4ka@google.com","","2020-10-22T13:36:54Z","","2020-12-19T17:08:15Z","","0","CONFIRMED","Zelfreflectie invullen","OPAQUE"
"2020-10-13T18:00:00","2020-10-13T19:30:00","2024-03-25T08:46:59Z","","e732l7bvfreef5342kj2a3i6oj@google.com","","2020-07-11T12:05:14Z","Een uurtje sporten, voor de spiertjes","2021-02-08T14:57:35Z","Fitness4me Bussum, Landstraat 45, 1404 JG Bussum, Netherlands","3","CONFIRMED","Sportschool","OPAQUE"
"2020-10-17T11:00:00","2020-10-17T12:30:00","2024-03-25T08:46:59Z","","3d56hgkqfhip1pai61hmkcvo4c@google.com","","2020-07-11T12:05:14Z","Een uurtje sporten, voor de spiertjes","2021-02-08T14:57:39Z","Fitness4me Bussum, Landstraat 45, 1404 JG Bussum, Netherlands","3","CONFIRMED","Sportschool","OPAQUE"
"2020-10-13T20:00:00","2020-10-13T22:00:00","2024-03-25T08:46:59Z","","c8ojiopn60s66b9h6sp66b9kc9hjibb269gj2b9j6op3ge1k6hi3aopmck@google.com","","2020-10-11T11:37:43Z","","2021-02-21T09:37:08Z","","1","CONFIRMED","Cursus","OPAQUE"
"2020-10-20T20:00:00","2020-10-20T22:00:00","2024-03-25T08:46:59Z","","c8ojiopn60s66b9h6sp66b9kc9hjibb269gj2b9j6op3ge1k6hi3aopmck_R20201020T180000@google.com","","2020-10-11T11:37:43Z","Planning:\n- https://docs.google.com/spreadsheets/d/1cepaqz0HCOcJrF5Gl3Gz9itLgR5eQNntnAvGu2sVapw/edit#gid=0","2021-02-21T09:37:08Z","","1","CONFIRMED","Cursus","OPAQUE"
"2021-02-28T09:30:00Z","2021-02-28T10:30:00Z","2024-03-25T08:46:59Z","","6ph34cj265ijgbb160o32b9k64qjebb16go62b9g70qj0eb2ccomaoho60@google.com","","2021-02-21T17:39:06Z","","2021-02-21T17:39:06Z","","0","CONFIRMED","Hardlopen met oudjes","OPAQUE"
"2020-10-12T08:30:00","2020-10-12T17:30:00","2024-03-25T08:46:59Z","","6phm6d1l6tim4bb66ti38b9kcosj2bb165j68b9p74qm2cj461hmcp346k@google.com","","2020-10-11T11:28:29Z","","2021-04-01T17:11:36Z","","0","CONFIRMED","Werken","OPAQUE"
"2021-04-08T08:30:00","2021-04-08T17:30:00","2024-03-25T08:46:59Z","","nq1vbpg93i9qcvsahelcddodql@google.com","","2020-10-11T11:28:29Z","","2021-04-16T14:21:24Z","","1","CONFIRMED","Werken","OPAQUE"
"2020-07-18T10:00:00","2020-07-18T16:00:00","2024-03-25T08:46:59Z","","1pa7gsj79gvf30dtqmu24so7iv@google.com","","2020-07-11T12:06:02Z","Werken voor eigen bedrijfje.\nDit bestaat uit:\n- Klanten helpen\n- Eigen website onderhoud","2021-04-25T09:31:09Z","Leeuweriklaan 41, 1403 CL Bussum, Netherlands","1","CONFIRMED","Werken (VonkProgramming","OPAQUE"
"2021-04-19T07:30:00","2021-04-19T17:30:00","2024-03-25T08:46:59Z","","qiupkmf4docs22kf5lmftfl3l3@google.com","","2020-10-11T11:28:29Z","","2021-04-25T09:44:16Z","","2","CONFIRMED","Werken","OPAQUE"
"2020-09-30T18:00:00","2020-09-30T22:00:00","2024-03-25T08:46:59Z","mailto:fek5vnl2rig23qm5e0f2odk1qo@group.calendar.google.com","551cibupibi773g04r34gtrpah@google.com","mailto:reyer.wouters@gmail.com;mailto:larserikvonk@ziggo.nl;mailto:fek5vnl2rig23qm5e0f2odk1qo@group.calendar.google.com","2020-09-30T16:50:09Z","Praatjes en roddeltjes over geld\n\n-::~:~::~:~:~:~:~:~:~:~:~:~:~:~:~:~:~:~:~:~:~:~:~:~:~:~:~:~:~:~:~:~:~:~:~:~:~:~::~:~::-\nJoin with Google Meet: https://meet.google.com/fdr-jvmj-poa\n\nLearn more about Meet at: https://support.google.com/a/users/answer/9282720\n\nPlease do not edit this section.\n-::~:~::~:~:~:~:~:~:~:~:~:~:~:~:~:~:~:~:~:~:~:~:~:~:~:~:~:~:~:~:~:~:~:~:~:~:~:~::~:~::-","2021-04-25T19:43:40Z","Leeuweriklaan 41, 1403 CL Bussum, Netherlands","1","CONFIRMED","Dutse meeting","OPAQUE"
"2021-01-20T18:00:00","2021-01-20T22:00:00","2024-03-25T08:46:59Z","mailto:fek5vnl2rig23qm5e0f2odk1qo@group.calendar.google.com","551cibupibi773g04r34gtrpah_R20201014T160000@google.com","mailto:reyer.wouters@gmail.com;mailto:larserikvonk@ziggo.nl;mailto:fek5vnl2rig23qm5e0f2odk1qo@group.calendar.google.com","2020-09-30T16:50:09Z","Praatjes en roddeltjes over geld\n\n-::~:~::~:~:~:~:~:~:~:~:~:~:~:~:~:~:~:~:~:~:~:~:~:~:~:~:~:~:~:~:~:~:~:~:~:~:~:~::~:~::-\nJoin with Google Meet: https://meet.google.com/fdr-jvmj-poa\n\nLearn more about Meet at: https://support.google.com/a/users/answer/9282720\n\nPlease do not edit this section.\n-::~:~::~:~:~:~:~:~:~:~:~:~:~:~:~:~:~:~:~:~:~:~:~:~:~:~:~:~:~:~:~:~:~:~:~:~:~:~::~:~::-","2021-04-25T19:43:40Z","Leeuweriklaan 41, 1403 CL Bussum, Netherlands","1","CONFIRMED","Dutse meeting","OPAQUE"
"2021-04-28T10:00:00","2021-04-28T16:00:00","2024-03-25T08:46:59Z","","onvfntiegpkig4cubeq80dilk4@google.com","","2020-07-11T12:06:02Z","Werken voor eigen bedrijfje.\nDit bestaat uit:\n- Klanten helpen\n- Eigen website onderhoud","2021-06-27T18:42:03Z","Leeuweriklaan 41, 1403 CL Bussum, Netherlands","3","CONFIRMED","Werken (VonkProgramming","OPAQUE"
"2021-06-23T09:00:00","2021-06-23T17:00:00","2024-03-25T08:46:59Z","","oqv68qt6tt1d4t76p3qvtmlqc3@google.com","","2020-07-11T12:06:02Z","Werken voor eigen bedrijfje.\nDit bestaat uit:\n- Klanten helpen\n- Eigen website onderhoud","2021-06-27T18:42:03Z","Leeuweriklaan 41, 1403 CL Bussum, Netherlands","4","CONFIRMED","Werken (VonkProgramming","OPAQUE"
"2021-04-26T07:30:00","2021-04-26T17:30:00","2024-03-25T08:46:59Z","","u40v0ho6vjg016aerignlosvqb@google.com","","2020-10-11T11:28:29Z","","2021-10-20T15:54:37Z","","3","CONFIRMED","Werken","OPAQUE"
"2021-10-21T08:30:00","2021-10-21T18:00:00","2024-03-25T08:46:59Z","","8n8f8466j6gekb52jc6tt0os51@google.com","","2020-10-11T11:28:29Z","","2022-01-09T08:16:56Z","","4","CONFIRMED","Werken","OPAQUE"
"2022-01-10T08:30:00Z","2022-01-10T09:15:00Z","2024-03-25T08:46:59Z","","69im4cph74r3eb9i6kpmab9kchhjab9p6gr68b9k74p3iohi6cr3edj574@google.com","","2022-01-10T08:32:03Z","","2022-01-10T08:32:03Z","","0","CONFIRMED","Wekelijkse Quintor standup","OPAQUE"
"2022-01-16T12:30:00Z","2022-01-16T13:30:00Z","2024-03-25T08:46:59Z","","64rjephh6ksj6b9n70o34b9kc4pmcbb2ckojgb9pc9j30c1k71ij2dj1c8@google.com","","2022-01-15T17:11:23Z","","2022-01-15T17:11:23Z","","0","CONFIRMED","Corona test","OPAQUE"
"2022-01-16T11:00:00Z","2022-01-16T12:00:00Z","2024-03-25T08:46:59Z","","6lim6d9l6lh38b9gchhj4b9k6co38bb2chj3ib9l6cqjidhocgo62p9l60@google.com","","2022-01-12T00:31:34Z","","2022-01-15T17:11:47Z","Teleportboulevard 0","0","CONFIRMED","Beginnen met podcast","OPAQUE"
"2021-06-30T09:00:00","2021-06-30T17:00:00","2024-03-25T08:46:59Z","","41kvokrcj0bpanptrb01sq85qc@google.com","","2020-07-11T12:06:02Z","Werken voor eigen bedrijfje.\nDit bestaat uit:\n- Klanten helpen\n- Eigen website onderhoud","2022-04-11T10:38:16Z","Leeuweriklaan 41, 1403 CL Bussum, Netherlands","4","CONFIRMED","Werken (VonkProgramming)","OPAQUE"
"2022-04-12T08:00:00","2022-04-12T17:30:00","2024-03-25T08:46:59Z","","klskmqg8149b78oruqci51k9q7@google.com","","2020-10-11T11:28:29Z","","2022-04-11T10:38:31Z","","6","CONFIRMED","Werken","OPAQUE"
"2022-01-10T08:00:00","2022-01-10T17:30:00","2024-03-25T08:46:59Z","","s3noju1khvl0l8l0c7el1pgmji@google.com","","2020-10-11T11:28:29Z","","2022-04-11T10:38:31Z","","5","CONFIRMED","Werken","OPAQUE"
"2022-04-11T18:00:00","2022-04-11T19:00:00","2024-03-25T08:46:59Z","","40kfdsvvej4gcbrqslhsfbhb0l@google.com","","2022-04-11T10:35:57Z","","2022-07-04T02:43:12Z","","0","CONFIRMED","Overleg FietsTracker","OPAQUE"
"2022-05-03T20:00:00","2022-05-03T21:00:00","2024-03-25T08:46:59Z","","22931rhcvg3a9jb4u8d9558e54@google.com","","2022-05-02T07:12:47Z","","2022-09-11T14:08:43Z","","0","CONFIRMED","Waterpolo","OPAQUE"
"2022-09-20T21:00:00","2022-09-20T22:00:00","2024-03-25T08:46:59Z","","22931rhcvg3a9jb4u8d9558e54@google.com","","2022-05-02T07:12:47Z","","2022-09-11T14:08:43Z","","1","CONFIRMED","Waterpolo","OPAQUE"
"2022-05-04T21:00:00","2022-05-04T22:00:00","2024-03-25T08:46:59Z","","7pomg1rm44ge46875f3th2rip4@google.com","","2022-05-02T07:13:02Z","","2022-09-28T12:31:48Z","","0","CONFIRMED","Waterpolo","OPAQUE"
"2022-09-27T21:00:00","2022-09-27T22:00:00","2024-03-25T08:46:59Z","","7mmn9kev31rmdbo4ad76sl00i4@google.com","","2022-05-02T07:12:47Z","","2022-09-28T12:32:13Z","","1","CONFIRMED","Waterpolo","OPAQUE"
"2021-04-28T07:30:00","2021-04-28T09:30:00","2024-03-25T08:46:59Z","","k5croucmqsih58vgn6avqrmres@google.com","","2021-03-23T09:10:34Z","","2023-01-26T03:04:52Z","","3","CONFIRMED","Langeafstand hardlopen","OPAQUE"
"2022-02-04T19:00:00","2022-02-04T20:00:00","2024-03-25T08:46:59Z","","7qgcn1nmi3n9rh2kh59fr42gb7@google.com","","2022-02-03T10:51:35Z","","2023-01-26T03:04:54Z","","1","CONFIRMED","Cursus uurtje","OPAQUE"
"2021-07-18T21:00:00","2021-07-18T22:00:00","2024-03-25T08:46:59Z","","2gsj04ra7j54t8uc5dp7pfgl9o@google.com","","2021-07-15T19:19:32Z","","2023-01-26T03:04:55Z","","2","CONFIRMED","Webcursus volgen","OPAQUE"
"2020-10-14T18:00:00","2020-10-14T22:00:00","2024-03-25T08:46:59Z","mailto:fek5vnl2rig23qm5e0f2odk1qo@group.calendar.google.com","551cibupibi773g04r34gtrpah_R20201014T160000@google.com","mailto:reyer.wouters@gmail.com;mailto:larserikvonk@ziggo.nl;mailto:fek5vnl2rig23qm5e0f2odk1qo@group.calendar.google.com","2020-09-30T16:50:09Z","Praatjes en roddeltjes over geld\n\n-::~:~::~:~:~:~:~:~:~:~:~:~:~:~:~:~:~:~:~:~:~:~:~:~:~:~:~:~:~:~:~:~:~:~:~:~:~:~::~:~::-\nJoin with Google Meet: https://meet.google.com/fdr-jvmj-poa\n\nLearn more about Meet at: https://support.google.com/a/users/answer/9282720\n\nPlease do not edit this section.\n-::~:~::~:~:~:~:~:~:~:~:~:~:~:~:~:~:~:~:~:~:~:~:~:~:~:~:~:~:~:~:~:~:~:~:~:~:~:~::~:~::-","2023-01-26T03:04:56Z","Leeuweriklaan 41, 1403 CL Bussum, Netherlands","1","CONFIRMED","Dutse meeting","OPAQUE"
"2021-03-05T18:00:00Z","2021-03-07T18:00:00Z","2024-03-25T08:46:59Z","mailto:fek5vnl2rig23qm5e0f2odk1qo@group.calendar.google.com","c4o36ohlcdim8b9ocksj2b9k6thjcbb161gmab9k64pj8ohk6comcp1gc4@google.com","mailto:m.kolb@live.nl","2021-02-13T13:57:34Z","-::~:~::~:~:~:~:~:~:~:~:~:~:~:~:~:~:~:~:~:~:~:~:~:~:~:~:~:~:~:~:~:~:~:~:~:~:~:~::~:~::-\nJoin with Google Meet: https://meet.google.com/kmm-napo-xee\n\nLearn more about Meet at: https://support.google.com/a/users/answer/9282720\n\nPlease do not edit this section.\n-::~:~::~:~:~:~:~:~:~:~:~:~:~:~:~:~:~:~:~:~:~:~:~:~:~:~:~:~:~:~:~:~:~:~:~:~:~:~::~:~::-","2023-01-26T03:04:57Z","","1","CONFIRMED","48 uur vasten","OPAQUE"
"2021-05-02T12:00:00","2021-05-02T14:00:00","2024-03-25T08:46:59Z","","4fsv05rpmouirof9hkfe5671ba@google.com","","2021-04-25T09:32:34Z","","2023-01-26T03:04:59Z","","1","CONFIRMED","Langeafstand hardlopen","OPAQUE"
"2021-06-28T20:00:00","2021-06-28T21:00:00","2024-03-25T08:46:59Z","mailto:fek5vnl2rig23qm5e0f2odk1qo@group.calendar.google.com","3mlj9k1ier1iv9d45s10cnqt06@google.com","mailto:larserikvonk@ziggo.nl;mailto:jamalkarraz@icloud.com","2021-06-24T15:09:13Z","-::~:~::~:~:~:~:~:~:~:~:~:~:~:~:~:~:~:~:~:~:~:~:~:~:~:~:~:~:~:~:~:~:~:~:~:~:~:~::~:~::-\nJoin with Google Meet: https://meet.google.com/ggg-ouzb-bsf\n\nLearn more about Meet at: https://support.google.com/a/users/answer/9282720\n\nPlease do not edit this section.\n-::~:~::~:~:~:~:~:~:~:~:~:~:~:~:~:~:~:~:~:~:~:~:~:~:~:~:~:~:~:~:~:~:~:~:~:~:~:~::~:~::-","2023-01-26T03:05:00Z","","1","CONFIRMED","Vergaderen met Jamal over software","OPAQUE"
"2021-10-21T06:30:00","2021-10-21T08:00:00","2024-03-25T08:46:59Z","","a99cit8co4tf61a3cnr1cbvcd5@google.com","","2021-04-25T09:34:21Z","Stappen \n- Bed opmaken\n- Gymmen\n- Koud douchen\n- Opruimen","2023-01-26T03:05:01Z","","1","CONFIRMED","Ochtendroutine","OPAQUE"
"2021-04-26T06:30:00","2021-04-26T07:30:00","2024-03-25T08:46:59Z","","26u7an3h75oe78ck26fr01iu0c@google.com","","2021-04-25T09:34:21Z","Stappen \n- Bed opmaken\n- 5KM rennen\n- Koud douchen\n- Opruimen","2023-01-26T03:05:02Z","","0","CONFIRMED","Ochtendroutine","OPAQUE"
"2022-04-14T09:00:00","2022-04-14T17:00:00","2024-03-25T08:46:59Z","","blh10hg2as9d256l1me9plbsce@google.com","","2020-07-11T12:06:02Z","Werken voor eigen bedrijfje.\nDit bestaat uit:\n- Klanten helpen\n- Eigen website onderhoud","2023-01-26T09:36:59Z","Leeuweriklaan 41, 1403 CL Bussum, Netherlands","5","CONFIRMED","Werken (VonkProgramming)","OPAQUE"
"2022-12-26T09:15:00","2022-12-26T17:15:00","2024-03-25T08:46:59Z","","blh10hg2as9d256l1me9plbsce@google.com","","2020-07-11T12:06:02Z","Werken voor eigen bedrijfje.\nDit bestaat uit:\n- Klanten helpen\n- Eigen website onderhoud","2023-01-26T09:36:59Z","Leeuweriklaan 41, 1403 CL Bussum, Netherlands","6","CONFIRMED","Werken (VonkProgramming)","OPAQUE"
"2022-04-15T08:00:00","2022-04-15T17:30:00","2024-03-25T08:46:59Z","","96s01kui8s0c8lru0f9mgs05ag@google.com","","2020-10-11T11:28:29Z","","2023-01-26T09:37:11Z","","6","CONFIRMED","Werken","OPAQUE"
"2022-09-28T21:00:00","2022-09-28T22:00:00","2024-03-25T08:46:59Z","","flr4vgj66tsd7ihd32t7mfom0u@google.com","","2022-05-02T07:13:02Z","","2023-07-13T07:23:29Z","","1","CONFIRMED","Waterpolo","OPAQUE"
"2023-01-26T08:00:00","2023-01-26T17:30:00","2024-03-25T08:46:59Z","","224nstehtms9l6cuk55c6rl3t9@google.com","","2020-10-11T11:28:29Z","","2023-08-28T07:12:13Z","","7","CONFIRMED","Werken","OPAQUE"
"2023-08-18T07:45:00","2023-08-18T17:15:00","2024-03-25T08:46:59Z","","224nstehtms9l6cuk55c6rl3t9@google.com","","2020-10-11T11:28:29Z","","2023-08-28T07:12:13Z","","8","CONFIRMED","Werken","OPAQUE"
"2023-01-25T09:00:00","2023-01-25T17:00:00","2024-03-25T08:46:59Z","","et18utqa4ivkviu3os4dend3ri@google.com","","2020-07-11T12:06:02Z","Werken voor eigen bedrijfje.\nDit bestaat uit:\n- Klanten helpen\n- Eigen website onderhoud","2023-08-28T07:12:21Z","Leeuweriklaan 41, 1403 CL Bussum, Netherlands","6","CONFIRMED","Werken (VonkProgramming)","OPAQUE"
"2023-03-15T09:00:00","2023-03-15T17:00:00","2024-03-25T08:46:59Z","","et18utqa4ivkviu3os4dend3ri@google.com","","2020-07-11T12:06:02Z","Werken voor eigen bedrijfje.\nDit bestaat uit:\n- Klanten helpen\n- Eigen website onderhoud","2023-08-28T07:12:21Z","Leeuweriklaan 41, 1403 CL Bussum, Netherlands","8","CONFIRMED","Werken (VonkProgramming)","OPAQUE"
"2023-07-19T09:15:00","2023-07-19T17:15:00","2024-03-25T08:46:59Z","","et18utqa4ivkviu3os4dend3ri@google.com","","2020-07-11T12:06:02Z","Werken voor eigen bedrijfje.\nDit bestaat uit:\n- Klanten helpen\n- Eigen website onderhoud","2023-08-28T07:12:21Z","Leeuweriklaan 41, 1403 CL Bussum, Netherlands","7","CONFIRMED","Werken (VonkProgramming)","OPAQUE"
"2023-11-13T11:15:00Z","2023-11-13T13:00:00Z","2024-03-25T08:46:59Z","","sm-6297738@apps.usos.pw.edu.pl","","2023-10-03T14:42:25Z","Room: 202\nBudynek Wydziału Elektroniki i Technik Informacyjnych\n\nhttps://usosweb.usos.pw.edu.pl/kontroler.php?_action=katalog2/przedmioty/pokazZajecia&gr_nr=1&zaj_cyk_id=460354\n","2023-10-03T12:43:11Z","Nowowiejska 15/19, 00-665 Warszawa","0","CONFIRMED","WYK - Image and Speech Recognition","OPAQUE"
"2023-10-10T08:15:00Z","2023-10-10T10:00:00Z","2024-03-25T08:46:59Z","","sm-6298293@apps.usos.pw.edu.pl","","2023-10-03T14:42:25Z","Room: 416\nBudynek Wydziału Elektroniki i Technik Informacyjnych\n\nhttps://usosweb.usos.pw.edu.pl/kontroler.php?_action=katalog2/przedmioty/pokazZajecia&gr_nr=101&zaj_cyk_id=460368\n","2023-10-03T12:43:11Z","Nowowiejska 15/19, 00-665 Warszawa","0","CONFIRMED","PRO - Evolutionary Algorithms","OPAQUE"
"2023-11-14T07:15:00Z","2023-11-14T09:00:00Z","2024-03-25T08:46:59Z","","sm-6298461@apps.usos.pw.edu.pl","","2023-10-03T14:42:25Z","Room: 121\nBudynek Wydziału Elektroniki i Technik Informacyjnych\n\nhttps://usosweb.usos.pw.edu.pl/kontroler.php?_action=katalog2/przedmioty/pokazZajecia&gr_nr=1&zaj_cyk_id=460307\n","2023-10-03T12:43:11Z","Nowowiejska 15/19, 00-665 Warszawa","0","CONFIRMED","WYK - Pattern Recognition","OPAQUE"
"2023-10-10T14:15:00Z","2023-10-10T18:00:00Z","2024-03-25T08:46:59Z","","sm-6298674@apps.usos.pw.edu.pl","","2023-10-03T14:42:25Z","Room: 9B\nBudynek Wydziału Elektroniki i Technik Informacyjnych\n\nhttps://usosweb.usos.pw.edu.pl/kontroler.php?_action=katalog2/przedmioty/pokazZajecia&gr_nr=102&zaj_cyk_id=460185\n","2023-10-03T12:43:11Z","Nowowiejska 15/19, 00-665 Warszawa","0","CONFIRMED","LAB - Digital Signal Processor Architecture and Programming","OPAQUE"
"2023-10-30T11:15:00Z","2023-10-30T13:00:00Z","2024-03-25T08:46:59Z","","sm-6298701@apps.usos.pw.edu.pl","","2023-10-03T14:42:25Z","Room: 202\nBudynek Wydziału Elektroniki i Technik Informacyjnych\n\nhttps://usosweb.usos.pw.edu.pl/kontroler.php?_action=katalog2/przedmioty/pokazZajecia&gr_nr=1&zaj_cyk_id=460354\n","2023-10-03T12:43:11Z","Nowowiejska 15/19, 00-665 Warszawa","0","CONFIRMED","WYK - Image and Speech Recognition","OPAQUE"
"2023-10-31T11:15:00Z","2023-10-31T13:00:00Z","2024-03-25T08:46:59Z","","sm-6299079@apps.usos.pw.edu.pl","","2023-10-03T14:42:25Z","Room: 6\nBudynek Wydziału Elektroniki i Technik Informacyjnych\n\nhttps://usosweb.usos.pw.edu.pl/kontroler.php?_action=katalog2/przedmioty/pokazZajecia&gr_nr=1&zaj_cyk_id=460369\n","2023-10-03T12:43:11Z","Nowowiejska 15/19, 00-665 Warszawa","0","CONFIRMED","WYK - Evolutionary Algorithms","OPAQUE"
"2023-10-24T06:15:00Z","2023-10-24T08:00:00Z","2024-03-25T08:46:59Z","","sm-6299251@apps.usos.pw.edu.pl","","2023-10-03T14:42:25Z","Room: 121\nBudynek Wydziału Elektroniki i Technik Informacyjnych\n\nhttps://usosweb.usos.pw.edu.pl/kontroler.php?_action=katalog2/przedmioty/pokazZajecia&gr_nr=1&zaj_cyk_id=460307\n","2023-10-03T12:43:11Z","Nowowiejska 15/19, 00-665 Warszawa","0","CONFIRMED","WYK - Pattern Recognition","OPAQUE"
"2023-11-20T11:15:00Z","2023-11-20T13:00:00Z","2024-03-25T08:46:59Z","","sm-6299991@apps.usos.pw.edu.pl","","2023-10-03T14:42:25Z","Room: 202\nBudynek Wydziału Elektroniki i Technik Informacyjnych\n\nhttps://usosweb.usos.pw.edu.pl/kontroler.php?_action=katalog2/przedmioty/pokazZajecia&gr_nr=1&zaj_cyk_id=460354\n","2023-10-03T12:43:11Z","Nowowiejska 15/19, 00-665 Warszawa","0","CONFIRMED","WYK - Image and Speech Recognition","OPAQUE"
"2023-11-06T11:15:00Z","2023-11-06T13:00:00Z","2024-03-25T08:46:59Z","","sm-6300200@apps.usos.pw.edu.pl","","2023-10-03T14:42:25Z","Room: 202\nBudynek Wydziału Elektroniki i Technik Informacyjnych\n\nhttps://usosweb.usos.pw.edu.pl/kontroler.php?_action=katalog2/przedmioty/pokazZajecia&gr_nr=1&zaj_cyk_id=460354\n","2023-10-03T12:43:11Z","Nowowiejska 15/19, 00-665 Warszawa","0","CONFIRMED","WYK - Image and Speech Recognition","OPAQUE"
"2023-10-23T10:15:00Z","2023-10-23T12:00:00Z","2024-03-25T08:46:59Z","","sm-6300424@apps.usos.pw.edu.pl","","2023-10-03T14:42:25Z","Room: 202\nBudynek Wydziału Elektroniki i Technik Informacyjnych\n\nhttps://usosweb.usos.pw.edu.pl/kontroler.php?_action=katalog2/przedmioty/pokazZajecia&gr_nr=1&zaj_cyk_id=460354\n","2023-10-03T12:43:11Z","Nowowiejska 15/19, 00-665 Warszawa","0","CONFIRMED","WYK - Image and Speech Recognition","OPAQUE"
"2023-10-17T10:15:00Z","2023-10-17T12:00:00Z","2024-03-25T08:46:59Z","","sm-6300477@apps.usos.pw.edu.pl","","2023-10-03T14:42:25Z","Room: 6\nBudynek Wydziału Elektroniki i Technik Informacyjnych\n\nhttps://usosweb.usos.pw.edu.pl/kontroler.php?_action=katalog2/przedmioty/pokazZajecia&gr_nr=1&zaj_cyk_id=460369\n","2023-10-03T12:43:11Z","Nowowiejska 15/19, 00-665 Warszawa","0","CONFIRMED","WYK - Evolutionary Algorithms","OPAQUE"
"2023-10-25T12:15:00Z","2023-10-25T14:00:00Z","2024-03-25T08:46:59Z","","sm-6302472@apps.usos.pw.edu.pl","","2023-10-03T14:42:25Z","Room: 107\nBudynek Wydziału Elektroniki i Technik Informacyjnych\n\nhttps://usosweb.usos.pw.edu.pl/kontroler.php?_action=katalog2/przedmioty/pokazZajecia&gr_nr=101&zaj_cyk_id=460352\n","2023-10-03T12:43:11Z","Nowowiejska 15/19, 00-665 Warszawa","0","CONFIRMED","CWI - Image and Speech Recognition","OPAQUE"
"2023-11-29T07:15:00Z","2023-11-29T09:00:00Z","2024-03-25T08:46:59Z","","sm-6302503@apps.usos.pw.edu.pl","","2023-10-03T14:42:25Z","Room: 011\nBudynek Wydziału Elektroniki i Technik Informacyjnych\n\nhttps://usosweb.usos.pw.edu.pl/kontroler.php?_action=katalog2/przedmioty/pokazZajecia&gr_nr=101&zaj_cyk_id=460231\n","2023-10-03T12:43:11Z","Nowowiejska 15/19, 00-665 Warszawa","0","CONFIRMED","LAB - Discrete Random Processes","OPAQUE"
"2023-11-28T11:15:00Z","2023-11-28T13:00:00Z","2024-03-25T08:46:59Z","","sm-6302708@apps.usos.pw.edu.pl","","2023-10-03T14:42:25Z","Room: 6\nBudynek Wydziału Elektroniki i Technik Informacyjnych\n\nhttps://usosweb.usos.pw.edu.pl/kontroler.php?_action=katalog2/przedmioty/pokazZajecia&gr_nr=1&zaj_cyk_id=460369\n","2023-10-03T12:43:11Z","Nowowiejska 15/19, 00-665 Warszawa","0","CONFIRMED","WYK - Evolutionary Algorithms","OPAQUE"
"2023-10-10T10:15:00Z","2023-10-10T12:00:00Z","2024-03-25T08:46:59Z","","sm-6303347@apps.usos.pw.edu.pl","","2023-10-03T14:42:25Z","Room: 6\nBudynek Wydziału Elektroniki i Technik Informacyjnych\n\nhttps://usosweb.usos.pw.edu.pl/kontroler.php?_action=katalog2/przedmioty/pokazZajecia&gr_nr=1&zaj_cyk_id=460369\n","2023-10-03T12:43:11Z","Nowowiejska 15/19, 00-665 Warszawa","0","CONFIRMED","WYK - Evolutionary Algorithms","OPAQUE"
"2023-11-14T11:15:00Z","2023-11-14T13:00:00Z","2024-03-25T08:46:59Z","","sm-6304452@apps.usos.pw.edu.pl","","2023-10-03T14:42:25Z","Room: 6\nBudynek Wydziału Elektroniki i Technik Informacyjnych\n\nhttps://usosweb.usos.pw.edu.pl/kontroler.php?_action=katalog2/przedmioty/pokazZajecia&gr_nr=1&zaj_cyk_id=460369\n","2023-10-03T12:43:11Z","Nowowiejska 15/19, 00-665 Warszawa","0","CONFIRMED","WYK - Evolutionary Algorithms","OPAQUE"
"2023-10-24T10:15:00Z","2023-10-24T12:00:00Z","2024-03-25T08:46:59Z","","sm-6304532@apps.usos.pw.edu.pl","","2023-10-03T14:42:25Z","Room: 6\nBudynek Wydziału Elektroniki i Technik Informacyjnych\n\nhttps://usosweb.usos.pw.edu.pl/kontroler.php?_action=katalog2/przedmioty/pokazZajecia&gr_nr=1&zaj_cyk_id=460369\n","2023-10-03T12:43:11Z","Nowowiejska 15/19, 00-665 Warszawa","0","CONFIRMED","WYK - Evolutionary Algorithms","OPAQUE"
"2023-10-10T06:15:00Z","2023-10-10T08:00:00Z","2024-03-25T08:46:59Z","","sm-6304594@apps.usos.pw.edu.pl","","2023-10-03T14:42:25Z","Room: 121\nBudynek Wydziału Elektroniki i Technik Informacyjnych\n\nhttps://usosweb.usos.pw.edu.pl/kontroler.php?_action=katalog2/przedmioty/pokazZajecia&gr_nr=1&zaj_cyk_id=460307\n","2023-10-03T12:43:11Z","Nowowiejska 15/19, 00-665 Warszawa","0","CONFIRMED","WYK - Pattern Recognition","OPAQUE"
"2023-11-27T11:15:00Z","2023-11-27T13:00:00Z","2024-03-25T08:46:59Z","","sm-6304793@apps.usos.pw.edu.pl","","2023-10-03T14:42:25Z","Room: 202\nBudynek Wydziału Elektroniki i Technik Informacyjnych\n\nhttps://usosweb.usos.pw.edu.pl/kontroler.php?_action=katalog2/przedmioty/pokazZajecia&gr_nr=1&zaj_cyk_id=460354\n","2023-10-03T12:43:11Z","Nowowiejska 15/19, 00-665 Warszawa","0","CONFIRMED","WYK - Image and Speech Recognition","OPAQUE"
"2023-10-17T06:15:00Z","2023-10-17T08:00:00Z","2024-03-25T08:46:59Z","","sm-6305019@apps.usos.pw.edu.pl","","2023-10-03T14:42:25Z","Room: 121\nBudynek Wydziału Elektroniki i Technik Informacyjnych\n\nhttps://usosweb.usos.pw.edu.pl/kontroler.php?_action=katalog2/przedmioty/pokazZajecia&gr_nr=1&zaj_cyk_id=460307\n","2023-10-03T12:43:11Z","Nowowiejska 15/19, 00-665 Warszawa","0","CONFIRMED","WYK - Pattern Recognition","OPAQUE"
"2023-11-21T09:15:00Z","2023-11-21T11:00:00Z","2024-03-25T08:46:59Z","","sm-6305070@apps.usos.pw.edu.pl","","2023-10-03T14:42:25Z","Room: 416\nBudynek Wydziału Elektroniki i Technik Informacyjnych\n\nhttps://usosweb.usos.pw.edu.pl/kontroler.php?_action=katalog2/przedmioty/pokazZajecia&gr_nr=101&zaj_cyk_id=460368\n","2023-10-03T12:43:11Z","Nowowiejska 15/19, 00-665 Warszawa","0","CONFIRMED","PRO - Evolutionary Algorithms","OPAQUE"
"2023-11-14T15:15:00Z","2023-11-14T19:00:00Z","2024-03-25T08:46:59Z","","sm-6305225@apps.usos.pw.edu.pl","","2023-10-03T14:42:25Z","Room: 9B\nBudynek Wydziału Elektroniki i Technik Informacyjnych\n\nhttps://usosweb.usos.pw.edu.pl/kontroler.php?_action=katalog2/przedmioty/pokazZajecia&gr_nr=102&zaj_cyk_id=460185\n","2023-10-03T12:43:11Z","Nowowiejska 15/19, 00-665 Warszawa","0","CONFIRMED","LAB - Digital Signal Processor Architecture and Programming","OPAQUE"
"2023-11-07T09:15:00Z","2023-11-07T11:00:00Z","2024-03-25T08:46:59Z","","sm-6305322@apps.usos.pw.edu.pl","","2023-10-03T14:42:25Z","Room: 416\nBudynek Wydziału Elektroniki i Technik Informacyjnych\n\nhttps://usosweb.usos.pw.edu.pl/kontroler.php?_action=katalog2/przedmioty/pokazZajecia&gr_nr=101&zaj_cyk_id=460368\n","2023-10-03T12:43:11Z","Nowowiejska 15/19, 00-665 Warszawa","0","CONFIRMED","PRO - Evolutionary Algorithms","OPAQUE"
"2023-10-31T09:15:00Z","2023-10-31T11:00:00Z","2024-03-25T08:46:59Z","","sm-6305511@apps.usos.pw.edu.pl","","2023-10-03T14:42:25Z","Room: 416\nBudynek Wydziału Elektroniki i Technik Informacyjnych\n\nhttps://usosweb.usos.pw.edu.pl/kontroler.php?_action=katalog2/przedmioty/pokazZajecia&gr_nr=101&zaj_cyk_id=460368\n","2023-10-03T12:43:11Z","Nowowiejska 15/19, 00-665 Warszawa","0","CONFIRMED","PRO - Evolutionary Algorithms","OPAQUE"
"2023-11-08T07:15:00Z","2023-11-08T09:00:00Z","2024-03-25T08:46:59Z","","sm-6305610@apps.usos.pw.edu.pl","","2023-10-03T14:42:25Z","Room: 011\nBudynek Wydziału Elektroniki i Technik Informacyjnych\n\nhttps://usosweb.usos.pw.edu.pl/kontroler.php?_action=katalog2/przedmioty/pokazZajecia&gr_nr=101&zaj_cyk_id=460231\n","2023-10-03T12:43:11Z","Nowowiejska 15/19, 00-665 Warszawa","0","CONFIRMED","LAB - Discrete Random Processes","OPAQUE"
"2023-10-31T15:15:00Z","2023-10-31T19:00:00Z","2024-03-25T08:46:59Z","","sm-6305871@apps.usos.pw.edu.pl","","2023-10-03T14:42:25Z","Room: 9B\nBudynek Wydziału Elektroniki i Technik Informacyjnych\n\nhttps://usosweb.usos.pw.edu.pl/kontroler.php?_action=katalog2/przedmioty/pokazZajecia&gr_nr=102&zaj_cyk_id=460185\n","2023-10-03T12:43:11Z","Nowowiejska 15/19, 00-665 Warszawa","0","CONFIRMED","LAB - Digital Signal Processor Architecture and Programming","OPAQUE"
"2023-11-21T07:15:00Z","2023-11-21T09:00:00Z","2024-03-25T08:46:59Z","","sm-6306541@apps.usos.pw.edu.pl","","2023-10-03T14:42:25Z","Room: 121\nBudynek Wydziału Elektroniki i Technik Informacyjnych\n\nhttps://usosweb.usos.pw.edu.pl/kontroler.php?_action=katalog2/przedmioty/pokazZajecia&gr_nr=1&zaj_cyk_id=460307\n","2023-10-03T12:43:11Z","Nowowiejska 15/19, 00-665 Warszawa","0","CONFIRMED","WYK - Pattern Recognition","OPAQUE"
"2023-11-22T13:15:00Z","2023-11-22T15:00:00Z","2024-03-25T08:46:59Z","","sm-6306713@apps.usos.pw.edu.pl","","2023-10-03T14:42:25Z","Room: 107\nBudynek Wydziału Elektroniki i Technik Informacyjnych\n\nhttps://usosweb.usos.pw.edu.pl/kontroler.php?_action=katalog2/przedmioty/pokazZajecia&gr_nr=101&zaj_cyk_id=460352\n","2023-10-03T12:43:11Z","Nowowiejska 15/19, 00-665 Warszawa","0","CONFIRMED","CWI - Image and Speech Recognition","OPAQUE"
"2023-10-24T08:15:00Z","2023-10-24T10:00:00Z","2024-03-25T08:46:59Z","","sm-6307827@apps.usos.pw.edu.pl","","2023-10-03T14:42:25Z","Room: 416\nBudynek Wydziału Elektroniki i Technik Informacyjnych\n\nhttps://usosweb.usos.pw.edu.pl/kontroler.php?_action=katalog2/przedmioty/pokazZajecia&gr_nr=101&zaj_cyk_id=460368\n","2023-10-03T12:43:11Z","Nowowiejska 15/19, 00-665 Warszawa","0","CONFIRMED","PRO - Evolutionary Algorithms","OPAQUE"
"2023-10-11T06:15:00Z","2023-10-11T08:00:00Z","2024-03-25T08:46:59Z","","sm-6308527@apps.usos.pw.edu.pl","","2023-10-03T14:42:25Z","Room: 011\nBudynek Wydziału Elektroniki i Technik Informacyjnych\n\nhttps://usosweb.usos.pw.edu.pl/kontroler.php?_action=katalog2/przedmioty/pokazZajecia&gr_nr=101&zaj_cyk_id=460231\n","2023-10-03T12:43:11Z","Nowowiejska 15/19, 00-665 Warszawa","0","CONFIRMED","LAB - Discrete Random Processes","OPAQUE"
"2023-11-21T11:15:00Z","2023-11-21T13:00:00Z","2024-03-25T08:46:59Z","","sm-6308572@apps.usos.pw.edu.pl","","2023-10-03T14:42:25Z","Room: 6\nBudynek Wydziału Elektroniki i Technik Informacyjnych\n\nhttps://usosweb.usos.pw.edu.pl/kontroler.php?_action=katalog2/przedmioty/pokazZajecia&gr_nr=1&zaj_cyk_id=460369\n","2023-10-03T12:43:11Z","Nowowiejska 15/19, 00-665 Warszawa","0","CONFIRMED","WYK - Evolutionary Algorithms","OPAQUE"
"2023-11-28T15:15:00Z","2023-11-28T19:00:00Z","2024-03-25T08:46:59Z","","sm-6309401@apps.usos.pw.edu.pl","","2023-10-03T14:42:25Z","Room: 9B\nBudynek Wydziału Elektroniki i Technik Informacyjnych\n\nhttps://usosweb.usos.pw.edu.pl/kontroler.php?_action=katalog2/przedmioty/pokazZajecia&gr_nr=102&zaj_cyk_id=460185\n","2023-10-03T12:43:11Z","Nowowiejska 15/19, 00-665 Warszawa","0","CONFIRMED","LAB - Digital Signal Processor Architecture and Programming","OPAQUE"
"2023-11-09T15:15:00Z","2023-11-09T19:00:00Z","2024-03-25T08:46:59Z","","sm-6309956@apps.usos.pw.edu.pl","","2023-10-03T14:42:25Z","Room: 139\nBudynek Wydziału Elektroniki i Technik Informacyjnych\n\nhttps://usosweb.usos.pw.edu.pl/kontroler.php?_action=katalog2/przedmioty/pokazZajecia&gr_nr=101&zaj_cyk_id=460305\n","2023-10-03T12:43:11Z","Nowowiejska 15/19, 00-665 Warszawa","0","CONFIRMED","LAB - Pattern Recognition","OPAQUE"
"2023-10-18T06:15:00Z","2023-10-18T08:00:00Z","2024-03-25T08:46:59Z","","sm-6310033@apps.usos.pw.edu.pl","","2023-10-03T14:42:25Z","Room: 011\nBudynek Wydziału Elektroniki i Technik Informacyjnych\n\nhttps://usosweb.usos.pw.edu.pl/kontroler.php?_action=katalog2/przedmioty/pokazZajecia&gr_nr=101&zaj_cyk_id=460231\n","2023-10-03T12:43:11Z","Nowowiejska 15/19, 00-665 Warszawa","0","CONFIRMED","LAB - Discrete Random Processes","OPAQUE"
"2023-10-25T06:15:00Z","2023-10-25T08:00:00Z","2024-03-25T08:46:59Z","","sm-6310101@apps.usos.pw.edu.pl","","2023-10-03T14:42:25Z","Room: 011\nBudynek Wydziału Elektroniki i Technik Informacyjnych\n\nhttps://usosweb.usos.pw.edu.pl/kontroler.php?_action=katalog2/przedmioty/pokazZajecia&gr_nr=101&zaj_cyk_id=460231\n","2023-10-03T12:43:11Z","Nowowiejska 15/19, 00-665 Warszawa","0","CONFIRMED","LAB - Discrete Random Processes","OPAQUE"
"2023-10-16T10:15:00Z","2023-10-16T12:00:00Z","2024-03-25T08:46:59Z","","sm-6310225@apps.usos.pw.edu.pl","","2023-10-03T14:42:25Z","Room: 202\nBudynek Wydziału Elektroniki i Technik Informacyjnych\n\nhttps://usosweb.usos.pw.edu.pl/kontroler.php?_action=katalog2/przedmioty/pokazZajecia&gr_nr=1&zaj_cyk_id=460354\n","2023-10-03T12:43:11Z","Nowowiejska 15/19, 00-665 Warszawa","0","CONFIRMED","WYK - Image and Speech Recognition","OPAQUE"
"2023-11-15T07:15:00Z","2023-11-15T09:00:00Z","2024-03-25T08:46:59Z","","sm-6310383@apps.usos.pw.edu.pl","","2023-10-03T14:42:25Z","Room: 011\nBudynek Wydziału Elektroniki i Technik Informacyjnych\n\nhttps://usosweb.usos.pw.edu.pl/kontroler.php?_action=katalog2/przedmioty/pokazZajecia&gr_nr=101&zaj_cyk_id=460231\n","2023-10-03T12:43:11Z","Nowowiejska 15/19, 00-665 Warszawa","0","CONFIRMED","LAB - Discrete Random Processes","OPAQUE"
"2023-10-17T14:15:00Z","2023-10-17T18:00:00Z","2024-03-25T08:46:59Z","","sm-6310390@apps.usos.pw.edu.pl","","2023-10-03T14:42:25Z","Room: 9B\nBudynek Wydziału Elektroniki i Technik Informacyjnych\n\nhttps://usosweb.usos.pw.edu.pl/kontroler.php?_action=katalog2/przedmioty/pokazZajecia&gr_nr=102&zaj_cyk_id=460185\n","2023-10-03T12:43:11Z","Nowowiejska 15/19, 00-665 Warszawa","0","CONFIRMED","LAB - Digital Signal Processor Architecture and Programming","OPAQUE"
"2023-11-22T07:15:00Z","2023-11-22T09:00:00Z","2024-03-25T08:46:59Z","","sm-6310478@apps.usos.pw.edu.pl","","2023-10-03T14:42:25Z","Room: 011\nBudynek Wydziału Elektroniki i Technik Informacyjnych\n\nhttps://usosweb.usos.pw.edu.pl/kontroler.php?_action=katalog2/przedmioty/pokazZajecia&gr_nr=101&zaj_cyk_id=460231\n","2023-10-03T12:43:11Z","Nowowiejska 15/19, 00-665 Warszawa","0","CONFIRMED","LAB - Discrete Random Processes","OPAQUE"
"2023-11-23T15:15:00Z","2023-11-23T19:00:00Z","2024-03-25T08:46:59Z","","sm-6310816@apps.usos.pw.edu.pl","","2023-10-03T14:42:25Z","Room: 139\nBudynek Wydziału Elektroniki i Technik Informacyjnych\n\nhttps://usosweb.usos.pw.edu.pl/kontroler.php?_action=katalog2/przedmioty/pokazZajecia&gr_nr=101&zaj_cyk_id=460305\n","2023-10-03T12:43:11Z","Nowowiejska 15/19, 00-665 Warszawa","0","CONFIRMED","LAB - Pattern Recognition","OPAQUE"
"2023-11-07T07:15:00Z","2023-11-07T09:00:00Z","2024-03-25T08:46:59Z","","sm-6310831@apps.usos.pw.edu.pl","","2023-10-03T14:42:25Z","Room: 121\nBudynek Wydziału Elektroniki i Technik Informacyjnych\n\nhttps://usosweb.usos.pw.edu.pl/kontroler.php?_action=katalog2/przedmioty/pokazZajecia&gr_nr=1&zaj_cyk_id=460307\n","2023-10-03T12:43:11Z","Nowowiejska 15/19, 00-665 Warszawa","0","CONFIRMED","WYK - Pattern Recognition","OPAQUE"
"2023-11-07T11:15:00Z","2023-11-07T13:00:00Z","2024-03-25T08:46:59Z","","sm-6311271@apps.usos.pw.edu.pl","","2023-10-03T14:42:25Z","Room: 6\nBudynek Wydziału Elektroniki i Technik Informacyjnych\n\nhttps://usosweb.usos.pw.edu.pl/kontroler.php?_action=katalog2/przedmioty/pokazZajecia&gr_nr=1&zaj_cyk_id=460369\n","2023-10-03T12:43:11Z","Nowowiejska 15/19, 00-665 Warszawa","0","CONFIRMED","WYK - Evolutionary Algorithms","OPAQUE"
"2023-10-17T08:15:00Z","2023-10-17T10:00:00Z","2024-03-25T08:46:59Z","","sm-6311932@apps.usos.pw.edu.pl","","2023-10-03T14:42:25Z","Room: 416\nBudynek Wydziału Elektroniki i Technik Informacyjnych\n\nhttps://usosweb.usos.pw.edu.pl/kontroler.php?_action=katalog2/przedmioty/pokazZajecia&gr_nr=101&zaj_cyk_id=460368\n","2023-10-03T12:43:11Z","Nowowiejska 15/19, 00-665 Warszawa","0","CONFIRMED","PRO - Evolutionary Algorithms","OPAQUE"
"2023-11-28T07:15:00Z","2023-11-28T09:00:00Z","2024-03-25T08:46:59Z","","sm-6312575@apps.usos.pw.edu.pl","","2023-10-03T14:42:25Z","Room: 121\nBudynek Wydziału Elektroniki i Technik Informacyjnych\n\nhttps://usosweb.usos.pw.edu.pl/kontroler.php?_action=katalog2/przedmioty/pokazZajecia&gr_nr=1&zaj_cyk_id=460307\n","2023-10-03T12:43:11Z","Nowowiejska 15/19, 00-665 Warszawa","0","CONFIRMED","WYK - Pattern Recognition","OPAQUE"
"2023-11-08T13:15:00Z","2023-11-08T15:00:00Z","2024-03-25T08:46:59Z","","sm-6313259@apps.usos.pw.edu.pl","","2023-10-03T14:42:25Z","Room: 107\nBudynek Wydziału Elektroniki i Technik Informacyjnych\n\nhttps://usosweb.usos.pw.edu.pl/kontroler.php?_action=katalog2/przedmioty/pokazZajecia&gr_nr=101&zaj_cyk_id=460352\n","2023-10-03T12:43:11Z","Nowowiejska 15/19, 00-665 Warszawa","0","CONFIRMED","CWI - Image and Speech Recognition","OPAQUE"
"2023-11-14T09:15:00Z","2023-11-14T11:00:00Z","2024-03-25T08:46:59Z","","sm-6313296@apps.usos.pw.edu.pl","","2023-10-03T14:42:25Z","Room: 416\nBudynek Wydziału Elektroniki i Technik Informacyjnych\n\nhttps://usosweb.usos.pw.edu.pl/kontroler.php?_action=katalog2/przedmioty/pokazZajecia&gr_nr=101&zaj_cyk_id=460368\n","2023-10-03T12:43:11Z","Nowowiejska 15/19, 00-665 Warszawa","0","CONFIRMED","PRO - Evolutionary Algorithms","OPAQUE"
"2023-11-28T09:15:00Z","2023-11-28T11:00:00Z","2024-03-25T08:46:59Z","","sm-6313322@apps.usos.pw.edu.pl","","2023-10-03T14:42:25Z","Room: 416\nBudynek Wydziału Elektroniki i Technik Informacyjnych\n\nhttps://usosweb.usos.pw.edu.pl/kontroler.php?_action=katalog2/przedmioty/pokazZajecia&gr_nr=101&zaj_cyk_id=460368\n","2023-10-03T12:43:11Z","Nowowiejska 15/19, 00-665 Warszawa","0","CONFIRMED","PRO - Evolutionary Algorithms","OPAQUE"
"2023-10-26T10:15:00Z","2023-10-26T12:00:00Z","2024-03-25T08:46:59Z","","sm-6328796@apps.usos.pw.edu.pl","","2023-10-03T14:42:25Z","Room: 202\nBudynek Wydziału Elektroniki i Technik Informacyjnych\n\nhttps://usosweb.usos.pw.edu.pl/kontroler.php?_action=katalog2/przedmioty/pokazZajecia&gr_nr=1&zaj_cyk_id=460354\n","2023-10-03T12:43:11Z","Nowowiejska 15/19, 00-665 Warszawa","0","CONFIRMED","WYK - Image and Speech Recognition","OPAQUE"
"2023-10-03T06:15:00Z","2023-10-03T08:00:00Z","2024-03-25T08:46:59Z","","sm-6330330@apps.usos.pw.edu.pl","","2023-10-03T14:42:25Z","Room: 121\nBudynek Wydziału Elektroniki i Technik Informacyjnych\n\nhttps://usosweb.usos.pw.edu.pl/kontroler.php?_action=katalog2/przedmioty/pokazZajecia&gr_nr=1&zaj_cyk_id=460307\n","2023-10-03T12:43:11Z","Nowowiejska 15/19, 00-665 Warszawa","0","CONFIRMED","WYK - Pattern Recognition","OPAQUE"
"2023-10-03T08:15:00Z","2023-10-03T10:00:00Z","2024-03-25T08:46:59Z","","sm-6330357@apps.usos.pw.edu.pl","","2023-10-03T14:42:25Z","Room: 416\nBudynek Wydziału Elektroniki i Technik Informacyjnych\n\nhttps://usosweb.usos.pw.edu.pl/kontroler.php?_action=katalog2/przedmioty/pokazZajecia&gr_nr=101&zaj_cyk_id=460368\n","2023-10-03T12:43:11Z","Nowowiejska 15/19, 00-665 Warszawa","0","CONFIRMED","PRO - Evolutionary Algorithms","OPAQUE"
"2023-10-12T14:15:00Z","2023-10-12T18:00:00Z","2024-03-25T08:46:59Z","","sm-6330774@apps.usos.pw.edu.pl","","2023-10-03T14:42:25Z","Room: 139\nBudynek Wydziału Elektroniki i Technik Informacyjnych\n\nhttps://usosweb.usos.pw.edu.pl/kontroler.php?_action=katalog2/przedmioty/pokazZajecia&gr_nr=101&zaj_cyk_id=460305\n","2023-10-03T12:43:11Z","Nowowiejska 15/19, 00-665 Warszawa","0","CONFIRMED","LAB - Pattern Recognition","OPAQUE"
"2023-10-04T12:15:00Z","2023-10-04T14:00:00Z","2024-03-25T08:46:59Z","","sm-6331050@apps.usos.pw.edu.pl","","2023-10-03T14:42:25Z","Room: 107\nBudynek Wydziału Elektroniki i Technik Informacyjnych\n\nhttps://usosweb.usos.pw.edu.pl/kontroler.php?_action=katalog2/przedmioty/pokazZajecia&gr_nr=101&zaj_cyk_id=460352\n","2023-10-03T12:43:11Z","Nowowiejska 15/19, 00-665 Warszawa","0","CONFIRMED","CWI - Image and Speech Recognition","OPAQUE"
"2023-10-04T06:15:00Z","2023-10-04T08:00:00Z","2024-03-25T08:46:59Z","","sm-6331298@apps.usos.pw.edu.pl","","2023-10-03T14:42:25Z","Room: 011\nBudynek Wydziału Elektroniki i Technik Informacyjnych\n\nhttps://usosweb.usos.pw.edu.pl/kontroler.php?_action=katalog2/przedmioty/pokazZajecia&gr_nr=101&zaj_cyk_id=460231\n","2023-10-03T12:43:11Z","Nowowiejska 15/19, 00-665 Warszawa","0","CONFIRMED","LAB - Discrete Random Processes","OPAQUE"
"2023-10-03T14:15:00Z","2023-10-03T18:00:00Z","2024-03-25T08:46:59Z","","sm-6331389@apps.usos.pw.edu.pl","","2023-10-03T14:42:25Z","Room: 9B\nBudynek Wydziału Elektroniki i Technik Informacyjnych\n\nhttps://usosweb.usos.pw.edu.pl/kontroler.php?_action=katalog2/przedmioty/pokazZajecia&gr_nr=102&zaj_cyk_id=460185\n","2023-10-03T12:43:11Z","Nowowiejska 15/19, 00-665 Warszawa","0","CONFIRMED","LAB - Digital Signal Processor Architecture and Programming","OPAQUE"
"2023-10-05T14:15:00Z","2023-10-05T18:00:00Z","2024-03-25T08:46:59Z","","sm-6331424@apps.usos.pw.edu.pl","","2023-10-03T14:42:25Z","Room: 139\nBudynek Wydziału Elektroniki i Technik Informacyjnych\n\nhttps://usosweb.usos.pw.edu.pl/kontroler.php?_action=katalog2/przedmioty/pokazZajecia&gr_nr=101&zaj_cyk_id=460305\n","2023-10-03T12:43:11Z","Nowowiejska 15/19, 00-665 Warszawa","0","CONFIRMED","LAB - Pattern Recognition","OPAQUE"
"2023-10-03T10:15:00Z","2023-10-03T12:00:00Z","2024-03-25T08:46:59Z","","sm-6331472@apps.usos.pw.edu.pl","","2023-10-03T14:42:25Z","Room: 6\nBudynek Wydziału Elektroniki i Technik Informacyjnych\n\nhttps://usosweb.usos.pw.edu.pl/kontroler.php?_action=katalog2/przedmioty/pokazZajecia&gr_nr=1&zaj_cyk_id=460369\n","2023-10-03T12:43:11Z","Nowowiejska 15/19, 00-665 Warszawa","0","CONFIRMED","WYK - Evolutionary Algorithms","OPAQUE"
"2023-10-09T10:15:00Z","2023-10-09T12:00:00Z","2024-03-25T08:46:59Z","","sm-6331483@apps.usos.pw.edu.pl","","2023-10-03T14:42:25Z","Room: 202\nBudynek Wydziału Elektroniki i Technik Informacyjnych\n\nhttps://usosweb.usos.pw.edu.pl/kontroler.php?_action=katalog2/przedmioty/pokazZajecia&gr_nr=1&zaj_cyk_id=460354\n","2023-10-03T12:43:11Z","Nowowiejska 15/19, 00-665 Warszawa","0","CONFIRMED","WYK - Image and Speech Recognition","OPAQUE"
"2023-11-28T09:15:00Z","2023-11-28T11:00:00Z","2024-03-25T08:46:59Z","","sm-6413293@apps.usos.pw.edu.pl","","2023-10-03T14:42:25Z","Room: DS402\nBudynek Wydziału Elektroniki i Technik Informacyjnych\n\nhttps://usosweb.usos.pw.edu.pl/kontroler.php?_action=katalog2/przedmioty/pokazZajecia&gr_nr=101&zaj_cyk_id=460367\n","2023-10-03T12:43:11Z","Nowowiejska 15/19, 00-665 Warszawa","0","CONFIRMED","LAB - Evolutionary Algorithms","OPAQUE"
"2023-11-21T09:15:00Z","2023-11-21T11:00:00Z","2024-03-25T08:46:59Z","","sm-6413332@apps.usos.pw.edu.pl","","2023-10-03T14:42:25Z","Room: DS402\nBudynek Wydziału Elektroniki i Technik Informacyjnych\n\nhttps://usosweb.usos.pw.edu.pl/kontroler.php?_action=katalog2/przedmioty/pokazZajecia&gr_nr=101&zaj_cyk_id=460367\n","2023-10-03T12:43:11Z","Nowowiejska 15/19, 00-665 Warszawa","0","CONFIRMED","LAB - Evolutionary Algorithms","OPAQUE"
"2023-11-14T09:15:00Z","2023-11-14T11:00:00Z","2024-03-25T08:46:59Z","","sm-6413362@apps.usos.pw.edu.pl","","2023-10-03T14:42:25Z","Room: DS402\nBudynek Wydziału Elektroniki i Technik Informacyjnych\n\nhttps://usosweb.usos.pw.edu.pl/kontroler.php?_action=katalog2/przedmioty/pokazZajecia&gr_nr=101&zaj_cyk_id=460367\n","2023-10-03T12:43:11Z","Nowowiejska 15/19, 00-665 Warszawa","0","CONFIRMED","LAB - Evolutionary Algorithms","OPAQUE"
"2023-10-03T12:15:00Z","2023-10-03T14:00:00Z","2024-03-25T08:46:59Z","","sm-6428831@apps.usos.pw.edu.pl","","2023-10-03T14:42:25Z","Room: 122\nBudynek Wydziału Elektroniki i Technik Informacyjnych\n\nhttps://usosweb.usos.pw.edu.pl/kontroler.php?_action=katalog2/przedmioty/pokazZajecia&gr_nr=1&zaj_cyk_id=460184\n","2023-10-03T12:43:11Z","Nowowiejska 15/19, 00-665 Warszawa","0","CONFIRMED","WYK - Digital Signal Processor Architecture and Programming","OPAQUE"
"2023-10-10T12:15:00Z","2023-10-10T14:00:00Z","2024-03-25T08:46:59Z","","sm-6428849@apps.usos.pw.edu.pl","","2023-10-03T14:42:25Z","Room: 122\nBudynek Wydziału Elektroniki i Technik Informacyjnych\n\nhttps://usosweb.usos.pw.edu.pl/kontroler.php?_action=katalog2/przedmioty/pokazZajecia&gr_nr=1&zaj_cyk_id=460184\n","2023-10-03T12:43:11Z","Nowowiejska 15/19, 00-665 Warszawa","0","CONFIRMED","WYK - Digital Signal Processor Architecture and Programming","OPAQUE"
"2023-10-24T12:15:00Z","2023-10-24T14:00:00Z","2024-03-25T08:46:59Z","","sm-6428881@apps.usos.pw.edu.pl","","2023-10-03T14:42:25Z","Room: 122\nBudynek Wydziału Elektroniki i Technik Informacyjnych\n\nhttps://usosweb.usos.pw.edu.pl/kontroler.php?_action=katalog2/przedmioty/pokazZajecia&gr_nr=1&zaj_cyk_id=460184\n","2023-10-03T12:43:11Z","Nowowiejska 15/19, 00-665 Warszawa","0","CONFIRMED","WYK - Digital Signal Processor Architecture and Programming","OPAQUE"
"2023-10-31T13:15:00Z","2023-10-31T15:00:00Z","2024-03-25T08:46:59Z","","sm-6428887@apps.usos.pw.edu.pl","","2023-10-03T14:42:25Z","Room: 122\nBudynek Wydziału Elektroniki i Technik Informacyjnych\n\nhttps://usosweb.usos.pw.edu.pl/kontroler.php?_action=katalog2/przedmioty/pokazZajecia&gr_nr=1&zaj_cyk_id=460184\n","2023-10-03T12:43:11Z","Nowowiejska 15/19, 00-665 Warszawa","0","CONFIRMED","WYK - Digital Signal Processor Architecture and Programming","OPAQUE"
"2023-11-14T13:15:00Z","2023-11-14T15:00:00Z","2024-03-25T08:46:59Z","","sm-6428892@apps.usos.pw.edu.pl","","2023-10-03T14:42:25Z","Room: 122\nBudynek Wydziału Elektroniki i Technik Informacyjnych\n\nhttps://usosweb.usos.pw.edu.pl/kontroler.php?_action=katalog2/przedmioty/pokazZajecia&gr_nr=1&zaj_cyk_id=460184\n","2023-10-03T12:43:11Z","Nowowiejska 15/19, 00-665 Warszawa","0","CONFIRMED","WYK - Digital Signal Processor Architecture and Programming","OPAQUE"
"2023-10-17T12:15:00Z","2023-10-17T14:00:00Z","2024-03-25T08:46:59Z","","sm-6428894@apps.usos.pw.edu.pl","","2023-10-03T14:42:25Z","Room: 122\nBudynek Wydziału Elektroniki i Technik Informacyjnych\n\nhttps://usosweb.usos.pw.edu.pl/kontroler.php?_action=katalog2/przedmioty/pokazZajecia&gr_nr=1&zaj_cyk_id=460184\n","2023-10-03T12:43:11Z","Nowowiejska 15/19, 00-665 Warszawa","0","CONFIRMED","WYK - Digital Signal Processor Architecture and Programming","OPAQUE"
"2023-11-28T13:15:00Z","2023-11-28T15:00:00Z","2024-03-25T08:46:59Z","","sm-6428926@apps.usos.pw.edu.pl","","2023-10-03T14:42:25Z","Room: 122\nBudynek Wydziału Elektroniki i Technik Informacyjnych\n\nhttps://usosweb.usos.pw.edu.pl/kontroler.php?_action=katalog2/przedmioty/pokazZajecia&gr_nr=1&zaj_cyk_id=460184\n","2023-10-03T12:43:11Z","Nowowiejska 15/19, 00-665 Warszawa","0","CONFIRMED","WYK - Digital Signal Processor Architecture and Programming","OPAQUE"
"2023-11-07T13:15:00Z","2023-11-07T15:00:00Z","2024-03-25T08:46:59Z","","sm-6428938@apps.usos.pw.edu.pl","","2023-10-03T14:42:25Z","Room: 122\nBudynek Wydziału Elektroniki i Technik Informacyjnych\n\nhttps://usosweb.usos.pw.edu.pl/kontroler.php?_action=katalog2/przedmioty/pokazZajecia&gr_nr=1&zaj_cyk_id=460184\n","2023-10-03T12:43:11Z","Nowowiejska 15/19, 00-665 Warszawa","0","CONFIRMED","WYK - Digital Signal Processor Architecture and Programming","OPAQUE"
"2023-11-21T13:15:00Z","2023-11-21T15:00:00Z","2024-03-25T08:46:59Z","","sm-6428962@apps.usos.pw.edu.pl","","2023-10-03T14:42:25Z","Room: 122\nBudynek Wydziału Elektroniki i Technik Informacyjnych\n\nhttps://usosweb.usos.pw.edu.pl/kontroler.php?_action=katalog2/przedmioty/pokazZajecia&gr_nr=1&zaj_cyk_id=460184\n","2023-10-03T12:43:11Z","Nowowiejska 15/19, 00-665 Warszawa","0","CONFIRMED","WYK - Digital Signal Processor Architecture and Programming","OPAQUE"
"2023-11-20T07:15:00Z","2023-11-20T09:00:00Z","2024-03-25T08:46:59Z","","sm-6430463@apps.usos.pw.edu.pl","","2023-10-03T14:42:25Z","Room: 122\nBudynek Wydziału Elektroniki i Technik Informacyjnych\n\nhttps://usosweb.usos.pw.edu.pl/kontroler.php?_action=katalog2/przedmioty/pokazZajecia&gr_nr=1&zaj_cyk_id=460232\n","2023-10-03T12:43:11Z","Nowowiejska 15/19, 00-665 Warszawa","0","CONFIRMED","WYK - Discrete Random Processes","OPAQUE"
"2023-10-09T08:15:00Z","2023-10-09T09:00:00Z","2024-03-25T08:46:59Z","","sm-6430498@apps.usos.pw.edu.pl","","2023-10-03T14:42:25Z","Room: 122\nBudynek Wydziału Elektroniki i Technik Informacyjnych\n\nhttps://usosweb.usos.pw.edu.pl/kontroler.php?_action=katalog2/przedmioty/pokazZajecia&gr_nr=101&zaj_cyk_id=460230\n","2023-10-03T12:43:11Z","Nowowiejska 15/19, 00-665 Warszawa","0","CONFIRMED","CWI - Discrete Random Processes","OPAQUE"
"2023-10-26T08:15:00Z","2023-10-26T09:00:00Z","2024-03-25T08:46:59Z","","sm-6430562@apps.usos.pw.edu.pl","","2023-10-03T14:42:25Z","Room: 122\nBudynek Wydziału Elektroniki i Technik Informacyjnych\n\nhttps://usosweb.usos.pw.edu.pl/kontroler.php?_action=katalog2/przedmioty/pokazZajecia&gr_nr=101&zaj_cyk_id=460230\n","2023-10-03T12:43:11Z","Nowowiejska 15/19, 00-665 Warszawa","0","CONFIRMED","CWI - Discrete Random Processes","OPAQUE"
"2023-10-30T09:15:00Z","2023-10-30T10:00:00Z","2024-03-25T08:46:59Z","","sm-6430580@apps.usos.pw.edu.pl","","2023-10-03T14:42:25Z","Room: 122\nBudynek Wydziału Elektroniki i Technik Informacyjnych\n\nhttps://usosweb.usos.pw.edu.pl/kontroler.php?_action=katalog2/przedmioty/pokazZajecia&gr_nr=101&zaj_cyk_id=460230\n","2023-10-03T12:43:11Z","Nowowiejska 15/19, 00-665 Warszawa","0","CONFIRMED","CWI - Discrete Random Processes","OPAQUE"
"2023-11-06T07:15:00Z","2023-11-06T09:00:00Z","2024-03-25T08:46:59Z","","sm-6430601@apps.usos.pw.edu.pl","","2023-10-03T14:42:25Z","Room: 122\nBudynek Wydziału Elektroniki i Technik Informacyjnych\n\nhttps://usosweb.usos.pw.edu.pl/kontroler.php?_action=katalog2/przedmioty/pokazZajecia&gr_nr=1&zaj_cyk_id=460232\n","2023-10-03T12:43:11Z","Nowowiejska 15/19, 00-665 Warszawa","0","CONFIRMED","WYK - Discrete Random Processes","OPAQUE"
"2023-11-20T09:15:00Z","2023-11-20T10:00:00Z","2024-03-25T08:46:59Z","","sm-6430633@apps.usos.pw.edu.pl","","2023-10-03T14:42:25Z","Room: 122\nBudynek Wydziału Elektroniki i Technik Informacyjnych\n\nhttps://usosweb.usos.pw.edu.pl/kontroler.php?_action=katalog2/przedmioty/pokazZajecia&gr_nr=101&zaj_cyk_id=460230\n","2023-10-03T12:43:11Z","Nowowiejska 15/19, 00-665 Warszawa","0","CONFIRMED","CWI - Discrete Random Processes","OPAQUE"
"2023-11-27T09:15:00Z","2023-11-27T10:00:00Z","2024-03-25T08:46:59Z","","sm-6430656@apps.usos.pw.edu.pl","","2023-10-03T14:42:25Z","Room: 122\nBudynek Wydziału Elektroniki i Technik Informacyjnych\n\nhttps://usosweb.usos.pw.edu.pl/kontroler.php?_action=katalog2/przedmioty/pokazZajecia&gr_nr=101&zaj_cyk_id=460230\n","2023-10-03T12:43:11Z","Nowowiejska 15/19, 00-665 Warszawa","0","CONFIRMED","CWI - Discrete Random Processes","OPAQUE"
"2023-10-30T07:15:00Z","2023-10-30T09:00:00Z","2024-03-25T08:46:59Z","","sm-6430711@apps.usos.pw.edu.pl","","2023-10-03T14:42:25Z","Room: 122\nBudynek Wydziału Elektroniki i Technik Informacyjnych\n\nhttps://usosweb.usos.pw.edu.pl/kontroler.php?_action=katalog2/przedmioty/pokazZajecia&gr_nr=1&zaj_cyk_id=460232\n","2023-10-03T12:43:11Z","Nowowiejska 15/19, 00-665 Warszawa","0","CONFIRMED","WYK - Discrete Random Processes","OPAQUE"
"2023-10-16T08:15:00Z","2023-10-16T09:00:00Z","2024-03-25T08:46:59Z","","sm-6430747@apps.usos.pw.edu.pl","","2023-10-03T14:42:25Z","Room: 122\nBudynek Wydziału Elektroniki i Technik Informacyjnych\n\nhttps://usosweb.usos.pw.edu.pl/kontroler.php?_action=katalog2/przedmioty/pokazZajecia&gr_nr=101&zaj_cyk_id=460230\n","2023-10-03T12:43:11Z","Nowowiejska 15/19, 00-665 Warszawa","0","CONFIRMED","CWI - Discrete Random Processes","OPAQUE"
"2023-11-13T07:15:00Z","2023-11-13T09:00:00Z","2024-03-25T08:46:59Z","","sm-6430770@apps.usos.pw.edu.pl","","2023-10-03T14:42:25Z","Room: 122\nBudynek Wydziału Elektroniki i Technik Informacyjnych\n\nhttps://usosweb.usos.pw.edu.pl/kontroler.php?_action=katalog2/przedmioty/pokazZajecia&gr_nr=1&zaj_cyk_id=460232\n","2023-10-03T12:43:11Z","Nowowiejska 15/19, 00-665 Warszawa","0","CONFIRMED","WYK - Discrete Random Processes","OPAQUE"
"2023-11-27T07:15:00Z","2023-11-27T09:00:00Z","2024-03-25T08:46:59Z","","sm-6430795@apps.usos.pw.edu.pl","","2023-10-03T14:42:25Z","Room: 122\nBudynek Wydziału Elektroniki i Technik Informacyjnych\n\nhttps://usosweb.usos.pw.edu.pl/kontroler.php?_action=katalog2/przedmioty/pokazZajecia&gr_nr=1&zaj_cyk_id=460232\n","2023-10-03T12:43:11Z","Nowowiejska 15/19, 00-665 Warszawa","0","CONFIRMED","WYK - Discrete Random Processes","OPAQUE"
"2023-10-26T06:15:00Z","2023-10-26T08:00:00Z","2024-03-25T08:46:59Z","","sm-6430825@apps.usos.pw.edu.pl","","2023-10-03T14:42:25Z","Room: 122\nBudynek Wydziału Elektroniki i Technik Informacyjnych\n\nhttps://usosweb.usos.pw.edu.pl/kontroler.php?_action=katalog2/przedmioty/pokazZajecia&gr_nr=1&zaj_cyk_id=460232\n","2023-10-03T12:43:11Z","Nowowiejska 15/19, 00-665 Warszawa","0","CONFIRMED","WYK - Discrete Random Processes","OPAQUE"
"2023-10-09T06:15:00Z","2023-10-09T08:00:00Z","2024-03-25T08:46:59Z","","sm-6430868@apps.usos.pw.edu.pl","","2023-10-03T14:42:25Z","Room: 122\nBudynek Wydziału Elektroniki i Technik Informacyjnych\n\nhttps://usosweb.usos.pw.edu.pl/kontroler.php?_action=katalog2/przedmioty/pokazZajecia&gr_nr=1&zaj_cyk_id=460232\n","2023-10-03T12:43:11Z","Nowowiejska 15/19, 00-665 Warszawa","0","CONFIRMED","WYK - Discrete Random Processes","OPAQUE"
"2023-10-23T08:15:00Z","2023-10-23T09:00:00Z","2024-03-25T08:46:59Z","","sm-6430885@apps.usos.pw.edu.pl","","2023-10-03T14:42:25Z","Room: 122\nBudynek Wydziału Elektroniki i Technik Informacyjnych\n\nhttps://usosweb.usos.pw.edu.pl/kontroler.php?_action=katalog2/przedmioty/pokazZajecia&gr_nr=101&zaj_cyk_id=460230\n","2023-10-03T12:43:11Z","Nowowiejska 15/19, 00-665 Warszawa","0","CONFIRMED","CWI - Discrete Random Processes","OPAQUE"
"2023-11-06T09:15:00Z","2023-11-06T10:00:00Z","2024-03-25T08:46:59Z","","sm-6430896@apps.usos.pw.edu.pl","","2023-10-03T14:42:25Z","Room: 122\nBudynek Wydziału Elektroniki i Technik Informacyjnych\n\nhttps://usosweb.usos.pw.edu.pl/kontroler.php?_action=katalog2/przedmioty/pokazZajecia&gr_nr=101&zaj_cyk_id=460230\n","2023-10-03T12:43:11Z","Nowowiejska 15/19, 00-665 Warszawa","0","CONFIRMED","CWI - Discrete Random Processes","OPAQUE"
"2023-10-16T06:15:00Z","2023-10-16T08:00:00Z","2024-03-25T08:46:59Z","","sm-6430898@apps.usos.pw.edu.pl","","2023-10-03T14:42:25Z","Room: 122\nBudynek Wydziału Elektroniki i Technik Informacyjnych\n\nhttps://usosweb.usos.pw.edu.pl/kontroler.php?_action=katalog2/przedmioty/pokazZajecia&gr_nr=1&zaj_cyk_id=460232\n","2023-10-03T12:43:11Z","Nowowiejska 15/19, 00-665 Warszawa","0","CONFIRMED","WYK - Discrete Random Processes","OPAQUE"
"2023-11-13T09:15:00Z","2023-11-13T10:00:00Z","2024-03-25T08:46:59Z","","sm-6430946@apps.usos.pw.edu.pl","","2023-10-03T14:42:25Z","Room: 122\nBudynek Wydziału Elektroniki i Technik Informacyjnych\n\nhttps://usosweb.usos.pw.edu.pl/kontroler.php?_action=katalog2/przedmioty/pokazZajecia&gr_nr=101&zaj_cyk_id=460230\n","2023-10-03T12:43:11Z","Nowowiejska 15/19, 00-665 Warszawa","0","CONFIRMED","CWI - Discrete Random Processes","OPAQUE"
"2023-10-23T06:15:00Z","2023-10-23T08:00:00Z","2024-03-25T08:46:59Z","","sm-6430967@apps.usos.pw.edu.pl","","2023-10-03T14:42:25Z","Room: 122\nBudynek Wydziału Elektroniki i Technik Informacyjnych\n\nhttps://usosweb.usos.pw.edu.pl/kontroler.php?_action=katalog2/przedmioty/pokazZajecia&gr_nr=1&zaj_cyk_id=460232\n","2023-10-03T12:43:11Z","Nowowiejska 15/19, 00-665 Warszawa","0","CONFIRMED","WYK - Discrete Random Processes","OPAQUE"
"2023-11-08T11:15:00Z","2023-11-08T15:00:00Z","2024-03-25T08:46:59Z","","sm-6431304@apps.usos.pw.edu.pl","","2023-10-03T14:42:25Z","Room: 9B\nBudynek Wydziału Elektroniki i Technik Informacyjnych\n\nhttps://usosweb.usos.pw.edu.pl/kontroler.php?_action=katalog2/przedmioty/pokazZajecia&gr_nr=101&zaj_cyk_id=460183\n","2023-10-03T12:43:11Z","Nowowiejska 15/19, 00-665 Warszawa","0","CONFIRMED","PRO - Digital Signal Processor Architecture and Programming","OPAQUE"
"2023-11-29T11:15:00Z","2023-11-29T15:00:00Z","2024-03-25T08:46:59Z","","sm-6431335@apps.usos.pw.edu.pl","","2023-10-03T14:42:25Z","Room: 9B\nBudynek Wydziału Elektroniki i Technik Informacyjnych\n\nhttps://usosweb.usos.pw.edu.pl/kontroler.php?_action=katalog2/przedmioty/pokazZajecia&gr_nr=101&zaj_cyk_id=460183\n","2023-10-03T12:43:11Z","Nowowiejska 15/19, 00-665 Warszawa","0","CONFIRMED","PRO - Digital Signal Processor Architecture and Programming","OPAQUE"
"2023-10-11T10:15:00Z","2023-10-11T14:00:00Z","2024-03-25T08:46:59Z","","sm-6431343@apps.usos.pw.edu.pl","","2023-10-03T14:42:25Z","Room: 9B\nBudynek Wydziału Elektroniki i Technik Informacyjnych\n\nhttps://usosweb.usos.pw.edu.pl/kontroler.php?_action=katalog2/przedmioty/pokazZajecia&gr_nr=101&zaj_cyk_id=460183\n","2023-10-03T12:43:11Z","Nowowiejska 15/19, 00-665 Warszawa","0","CONFIRMED","PRO - Digital Signal Processor Architecture and Programming","OPAQUE"
"2023-11-15T11:15:00Z","2023-11-15T15:00:00Z","2024-03-25T08:46:59Z","","sm-6431346@apps.usos.pw.edu.pl","","2023-10-03T14:42:25Z","Room: 9B\nBudynek Wydziału Elektroniki i Technik Informacyjnych\n\nhttps://usosweb.usos.pw.edu.pl/kontroler.php?_action=katalog2/przedmioty/pokazZajecia&gr_nr=101&zaj_cyk_id=460183\n","2023-10-03T12:43:11Z","Nowowiejska 15/19, 00-665 Warszawa","0","CONFIRMED","PRO - Digital Signal Processor Architecture and Programming","OPAQUE"
"2023-10-25T10:15:00Z","2023-10-25T14:00:00Z","2024-03-25T08:46:59Z","","sm-6431356@apps.usos.pw.edu.pl","","2023-10-03T14:42:25Z","Room: 9B\nBudynek Wydziału Elektroniki i Technik Informacyjnych\n\nhttps://usosweb.usos.pw.edu.pl/kontroler.php?_action=katalog2/przedmioty/pokazZajecia&gr_nr=101&zaj_cyk_id=460183\n","2023-10-03T12:43:11Z","Nowowiejska 15/19, 00-665 Warszawa","0","CONFIRMED","PRO - Digital Signal Processor Architecture and Programming","OPAQUE"
"2023-10-04T10:15:00Z","2023-10-04T14:00:00Z","2024-03-25T08:46:59Z","","sm-6431372@apps.usos.pw.edu.pl","","2023-10-03T14:42:25Z","Room: 9B\nBudynek Wydziału Elektroniki i Technik Informacyjnych\n\nhttps://usosweb.usos.pw.edu.pl/kontroler.php?_action=katalog2/przedmioty/pokazZajecia&gr_nr=101&zaj_cyk_id=460183\n","2023-10-03T12:43:11Z","Nowowiejska 15/19, 00-665 Warszawa","0","CONFIRMED","PRO - Digital Signal Processor Architecture and Programming","OPAQUE"
"2023-11-22T11:15:00Z","2023-11-22T15:00:00Z","2024-03-25T08:46:59Z","","sm-6431373@apps.usos.pw.edu.pl","","2023-10-03T14:42:25Z","Room: 9B\nBudynek Wydziału Elektroniki i Technik Informacyjnych\n\nhttps://usosweb.usos.pw.edu.pl/kontroler.php?_action=katalog2/przedmioty/pokazZajecia&gr_nr=101&zaj_cyk_id=460183\n","2023-10-03T12:43:11Z","Nowowiejska 15/19, 00-665 Warszawa","0","CONFIRMED","PRO - Digital Signal Processor Architecture and Programming","OPAQUE"
"2023-10-18T10:15:00Z","2023-10-18T14:00:00Z","2024-03-25T08:46:59Z","","sm-6431413@apps.usos.pw.edu.pl","","2023-10-03T14:42:25Z","Room: 9B\nBudynek Wydziału Elektroniki i Technik Informacyjnych\n\nhttps://usosweb.usos.pw.edu.pl/kontroler.php?_action=katalog2/przedmioty/pokazZajecia&gr_nr=101&zaj_cyk_id=460183\n","2023-10-03T12:43:11Z","Nowowiejska 15/19, 00-665 Warszawa","0","CONFIRMED","PRO - Digital Signal Processor Architecture and Programming","OPAQUE"
"2023-10-31T07:15:00Z","2023-10-31T09:00:00Z","2024-03-25T08:46:59Z","","sm-6308841@apps.usos.pw.edu.pl","","2023-10-03T14:42:25Z","Room: 121\nBudynek Wydziału Elektroniki i Technik Informacyjnych\n\nhttps://usosweb.usos.pw.edu.pl/kontroler.php?_action=katalog2/przedmioty/pokazZajecia&gr_nr=1&zaj_cyk_id=460307\n","2023-10-28T19:21:57Z","Nowowiejska 15/19, 00-665 Warszawa","2","CONFIRMED","WYK - Pattern Recognition","OPAQUE"
"2023-10-16T20:30:00","2023-10-16T22:00:00","2024-03-25T08:46:59Z","","1kmfd5leq5t2bcc6sgdg0a0n8d@google.com","","2023-10-14T11:26:39Z","","2023-12-04T09:46:40Z","","1","CONFIRMED","Waterpolo training","OPAQUE"
"2023-10-17T20:30:00","2023-10-17T22:30:00","2024-03-25T08:46:59Z","","5qof7dsls3i02c90hj56ucbrfu@google.com","","2023-10-14T11:26:47Z","","2023-12-04T09:46:49Z","","2","CONFIRMED","Waterpolo training","OPAQUE"
"2023-10-19T20:30:00","2023-10-19T22:30:00","2024-03-25T08:46:59Z","","64sjepj56hh38b9o6so30b9k75gmcbb261gjebb4cgs32oj374r3gc9nck@google.com","","2023-11-20T15:19:33Z","","2023-12-04T09:46:56Z","","0","CONFIRMED","Waterpolo training","OPAQUE"
"2023-11-30T20:30:00","2023-11-30T22:00:00","2024-03-25T08:46:59Z","","64sjepj56hh38b9o6so30b9k75gmcbb261gjebb4cgs32oj374r3gc9nck_R20231130T193000@google.com","","2023-11-20T15:19:33Z","","2023-12-04T09:46:56Z","","0","CONFIRMED","Waterpolo training","OPAQUE"
"2024-01-10T20:00:00","2024-01-10T21:00:00","2024-03-25T08:46:59Z","mailto:fek5vnl2rig23qm5e0f2odk1qo@group.calendar.google.com","48kvn186da70sch5v80u1f1dvt@google.com","mailto:lldiegon@gmail.com","2024-01-05T17:12:21Z","-::~:~::~:~:~:~:~:~:~:~:~:~:~:~:~:~:~:~:~:~:~:~:~:~:~:~:~:~:~:~:~:~:~:~:~:~:~:~::~:~::-\nJoin with Google Meet: https://meet.google.com/onc-ubkf-vwq\n\nLearn more about Meet at: https://support.google.com/a/users/answer/9282720\n\nPlease do not edit this section.\n-::~:~::~:~:~:~:~:~:~:~:~:~:~:~:~:~:~:~:~:~:~:~:~:~:~:~:~:~:~:~:~:~:~:~:~:~:~:~::~:~::-","2024-01-10T00:12:54Z","","1","CONFIRMED","Wekelijkse meeting van de BOYS BV","OPAQUE"
"2024-02-11T12:00:00","2024-02-11T13:30:00","2024-03-25T08:46:59Z","","6sq32dhn6koj8bb675i3gb9k6gs3ebb2c8q64b9o64qjip1n74q3cdj4cg@google.com","","2024-02-11T13:09:37Z","","2024-02-11T13:09:37Z","","0","CONFIRMED","Waterpolo training","OPAQUE"
"2023-10-20T19:30:00","2023-10-20T21:30:00","2024-03-25T08:46:59Z","","2egnfd87d6idnd27asbc577unb@google.com","","2023-10-14T11:27:08Z","","2024-03-11T19:23:41Z","","0","CONFIRMED","Waterpolo training","OPAQUE"
"2024-03-15T19:30:00","2024-03-15T21:00:00","2024-03-25T08:46:59Z","","2egnfd87d6idnd27asbc577unb_R20240315T183000@google.com","","2023-10-14T11:27:08Z","","2024-03-11T19:23:41Z","","0","CONFIRMED","Waterpolo training","OPAQUE"
"2024-03-01T12:15:00","2024-03-01T14:15:00","2024-03-25T08:46:59Z","","0cgs5k9ckg8d90e5v0c58bfni5@google.com","","2024-02-23T09:25:57Z","","2024-03-13T09:26:09Z","","0","CONFIRMED","Computer graphics tutorial","OPAQUE"
"2024-06-11T14:00:00","2024-06-11T16:00:00","2024-03-25T08:46:59Z","","6v45vvppmouir1nir0ucjhrqr1@google.com","","2024-03-18T11:03:41Z","","2024-03-18T11:03:40Z","","0","CONFIRMED","Computer architecture tutorial","OPAQUE"
"2024-03-19T14:00:00","2024-03-19T16:00:00","2024-03-25T08:46:59Z","","erfgr6p8nabdbi4h02b11g0jpt@google.com","","2024-02-23T09:25:57Z","","2024-03-19T13:08:31Z","","1","CONFIRMED","Computer architecture tutorial (room 139)","OPAQUE"
"2024-03-19T14:00:00","2024-03-19T16:00:00","2024-03-25T08:46:59Z","","erfgr6p8nabdbi4h02b11g0jpt@google.com","","2024-02-23T09:25:57Z","","2024-03-19T13:08:31Z","","1","CONFIRMED","Computer architecture tutorial (room 139)","OPAQUE"
"2024-03-26T14:00:00","2024-03-26T16:00:00","2024-03-25T08:46:59Z","","erfgr6p8nabdbi4h02b11g0jpt_R20240326T130000@google.com","","2024-02-23T09:25:57Z","","2024-03-19T13:08:31Z","","1","CONFIRMED","Computer architecture tutorial (room 139)","OPAQUE"
"2024-03-26T14:00:00","2024-03-26T16:00:00","2024-03-25T08:46:59Z","","erfgr6p8nabdbi4h02b11g0jpt_R20240326T130000@google.com","","2024-02-23T09:25:57Z","","2024-03-19T13:26:54Z","","1","CONFIRMED","Computer architecture tutorial (room 139) RISC-V","OPAQUE"
"2024-04-23T14:00:00","2024-04-23T16:00:00","2024-03-25T08:46:59Z","","erfgr6p8nabdbi4h02b11g0jpt_R20240326T130000@google.com","","2024-02-23T09:25:57Z","","2024-03-19T13:27:08Z","","1","CONFIRMED","Computer architecture tutorial (room 139) Intel arch","OPAQUE"
"2024-05-14T14:00:00","2024-05-14T16:00:00","2024-03-25T08:46:59Z","","erfgr6p8nabdbi4h02b11g0jpt_R20240326T130000@google.com","","2024-02-23T09:25:57Z","","2024-03-19T13:27:48Z","","1","CONFIRMED","Computer architecture tutorial (room 139) consultations project RISC-V","OPAQUE"
"2024-05-21T14:00:00","2024-05-21T16:00:00","2024-03-25T08:46:59Z","","erfgr6p8nabdbi4h02b11g0jpt_R20240326T130000@google.com","","2024-02-23T09:25:57Z","","2024-03-19T13:28:10Z","","1","CONFIRMED","Computer architecture tutorial (room 139) finish RISC-V project","OPAQUE"
"2024-05-28T14:00:00","2024-05-28T16:00:00","2024-03-25T08:46:59Z","","erfgr6p8nabdbi4h02b11g0jpt_R20240326T130000@google.com","","2024-02-23T09:25:57Z","","2024-03-19T13:28:25Z","","1","CONFIRMED","Computer architecture tutorial (room 139) consultations Intel project","OPAQUE"
"2024-06-04T14:00:00","2024-06-04T16:00:00","2024-03-25T08:46:59Z","","erfgr6p8nabdbi4h02b11g0jpt_R20240326T130000@google.com","","2024-02-23T09:25:57Z","","2024-03-19T13:28:35Z","","1","CONFIRMED","Computer architecture tutorial (room 139) finsih project Intel","OPAQUE"
"2024-06-11T14:00:00","2024-06-11T16:00:00","2024-03-25T08:46:59Z","","6v45vvppmouir1nir0ucjhrqr1@google.com","","2024-03-18T11:03:41Z","","2024-03-19T13:29:44Z","","0","CONFIRMED","TEST 2: Computer architecture tutorial 15:00 instead of 14:00","OPAQUE"
"2024-04-09T14:00:00","2024-04-09T16:00:00","2024-03-25T08:46:59Z","","erfgr6p8nabdbi4h02b11g0jpt_R20240326T130000@google.com","","2024-02-23T09:25:57Z","","2024-03-19T13:30:41Z","","1","CONFIRMED","TEST 1: Computer architecture tutorial (room 139) 15:00","OPAQUE"